{
  "fabric:load_conditions": [
		{
      "condition": "fabric:all_mods_loaded",
      "values": [
        "byg"
      ]
		}
  ],
  "type": "create:crushing",
  "ingredients": [
    {
      "item": "byg:pervaded_netherrack"
    }
  ],
  "results": [
    {
      "item": "minecraft:glowstone_dust",
      "count": 2
    },
    {
      "item": "minecraft:glowstone_dust",
      "chance": 0.25
    },
    {
      "item": "minecraft:netherrack",
      "chance": 0.125
    }
  ],
  "processingTime": 250
}