{
  "fabric:load_conditions": [
    {
       "condition": "fabric:all_mods_loaded",
       "values": [
         "techreborn"
       ]
     }
   ],
  "type": "create:sequenced_assembly",
  "ingredient": {
    "item": "techreborn:electronic_circuit"
  },
  "transitionalItem": {
    "item": "techreborn:electronic_circuit"
  },
  "sequence": [
    {
      "type": "create:deploying",
      "ingredients": [
        {
          "item": "techreborn:electronic_circuit"
        },
        {
          "tag": "c:dusts/glowstone"
        }
      ],
      "results": [
        {
          "item": "techreborn:electronic_circuit"
        }
      ]
    },
    {
      "type": "create:deploying",
      "ingredients": [
        {
          "item": "techreborn:electronic_circuit"
        },
        {
          "tag": "c:gems/lapis"
        }
      ],
      "results": [
        {
          "item": "techreborn:electronic_circuit"
        }
      ]
    },
    {
      "type": "create:deploying",
      "ingredients": [
        {
          "item": "techreborn:electronic_circuit"
        },
        {
          "tag": "c:dusts/redstone"
        }
      ],
      "results": [
        {
          "item": "techreborn:electronic_circuit"
        }
      ]
    }
  ],
  "results": [
    {
      "item": "techreborn:advanced_circuit",
      "count": 1,
      "chance": 80
    },
    {
      "item": "techreborn:electronic_circuit",
      "chance": 10
    },
    {
      "item": "techreborn:electrum_plate",
      "chance": 10
    }
  ],
  "loops": 2
}