{
  "fabric:load_conditions": [
		{
      "condition": "fabric:all_mods_loaded",
      "values": [
        "techreborn"
      ]
		}
	],
  "type": "techreborn:industrial_grinder",
  "power": 64,
  "time": 100,
  "tank": {
    "fluid": "techreborn:sodium_persulfate",
    "amount": 1000
  },
  "ingredients": [
    {
      "tag": "c:ores/zinc"
    }
  ],
  "results": [
    {
      "item": "create:raw_zinc",
      "count": 2
    },
    {
      "item": "techreborn:raw_lead"
    },
    {
      "item": "minecraft:gunpowder"
    }
  ]
}