{
  "fabric:load_conditions": [
    {
      "condition": "fabric:all_mods_loaded",
      "values": [
        "modern_industrialization"
      ]
    }
  ],
  "type": "modern_industrialization:mixer",
  "eu": 2,
  "duration": 100,
  "item_inputs": [
    {"item": "minecraft:sugar",
    "amount": 1},
    {"item": "minecraft:cocoa_beans",
      "amount": 1}
  ],
  "fluid_inputs": 
    {
      "fluid": "milk:still_milk",
      "amount": 333
    },
  "fluid_outputs": [
    {
      "fluid": "create:chocolate",
      "amount": 333
    }
  ]
}