{
  "fabric:load_conditions": [
    {
      "condition": "fabric:all_mods_loaded",
      "values": [
        "modern_industrialization"
      ]
    }
  ],
  "type": "modern_industrialization:mixer",
  "eu": 2,
  "duration": 100,
  "item_inputs": {
    "item": "create:scoria",
    "amount": 1
  },
  "fluid_inputs": [
    {
      "fluid": "create:chocolate",
      "amount": 1,
      "probability" : 0
    },
    {
      "fluid": "minecraft:lava",
      "amount": 1,
      "probability" : 0
    }
  ],
  "item_outputs": {
    "item": "create:scoria",
    "amount": 2
  }
}