{
  "fabric:load_conditions": [
    {
      "condition": "fabric:all_mods_loaded",
      "values": [
        "modern_industrialization"
      ]
    }
  ],
  "type": "modern_industrialization:mixer",
  "eu": 2,
  "duration": 100,
  "item_inputs": [
    {"tag": "minecraft:leaves",
    "amount": 1}
  ],
  "fluid_inputs": [
  {
    "fluid": "minecraft:water",
    "amount": 333
  },
    {
      "fluid": "milk:still_milk",
      "amount": 333
    }],
  "fluid_outputs": [
    {
      "fluid": "create:tea",
      "amount": 500
    }
  ]
}