{
  "fabric:load_conditions": [
		{
      "condition": "fabric:all_mods_loaded",
      "values": [
        "the_aether"
      ]
		}
  ],
  "type": "create:crushing",
  "ingredients": [
    {
      "item": "the_aether:ambrosium_ore"
    }
  ],
  "results": [
    {
      "item": "the_aether:ambrosium_shard",
      "count": 1
    },
    {
      "item": "the_aether:ambrosium_shard",
      "chance": 0.75
    },
    {
      "item": "create:experience_nugget",
      "chance": 0.75
    },
    {
      "item": "the_aether:cobbled_holystone",
      "chance": 0.125
    }
  ],
  "processingTime": 250
}