{
  "fabric:load_conditions": [
		{
      "condition": "fabric:all_mods_loaded",
      "values": [
        "modern_industrialization"
      ]
		}
  ],
  "type": "modern_industrialization:assembler",
  "eu": 2,
  "duration": 200,
  "item_inputs": [
    {
      "tag": "c:bronze_gears",
      "amount": 2
    },
    {
      "tag": "c:bronze_plates",
      "amount": 3
    },
    {
      "item": "create:shaft",
      "amount": 1
    }
  ],
  "item_outputs": [
    {
      "item": "create:large_cogwheel",
      "amount": 2
    }
  ]
}