{
  "fabric:load_conditions": [
		{
      "condition": "fabric:all_mods_loaded",
      "values": [
        "modern_industrialization"
      ]
		}
  ],
  "type": "modern_industrialization:assembler",
  "eu": 8,
  "duration": 1200,
  "item_inputs": [
    {
      "tag": "c:plates/gold",
      "amount": 1
    },
    {
      "tag": "c:gold_gears",
      "amount": 7
    },
    {
      "tag": "c:iron_gears",
      "amount": 10
    },
    {
      "item": "create:electron_tube",
      "amount": 3
    }
  ],
  "fluid_inputs": [
    {
      "fluid": "modern_industrialization:soldering_alloy",
      "amount": 50
    },
    {
      "fluid": "modern_industrialization:lubricant",
      "amount": 150
    }
  ],
  "item_outputs": [
    {
      "item": "create:precision_mechanism",
      "amount": 1
    }
  ]
}