{
  "fabric:load_conditions": [
		{
      "condition": "fabric:all_mods_loaded",
      "values": [
        "modern_industrialization"
      ]
		}
  ],
  "type": "modern_industrialization:chemical_reactor",
  "eu": 8,
  "duration": 200,
  "item_inputs" : [
    {"item" :  "create:crushed_platinum_ore",
      "amount": 1}
  ],
  "fluid_inputs" : {
    "fluid" : "modern_industrialization:sulfuric_acid",
    "amount": 9000
  },
  "fluid_outputs" : {
    "fluid" : "modern_industrialization:platinum_sulfuric_solution",
    "amount" : 9000
  }
}
