{
  "fabric:load_conditions": [
		{
      "condition": "fabric:all_mods_loaded",
      "values": [
        "techreborn"
      ]
		}
  ],
  "type": "create:mixing",
  "ingredients": [
    {
      "tag": "c:tin_ingots"
    },
    {
      "item": "minecraft:copper_ingot"
    },
    {
      "item": "minecraft:copper_ingot"
    },
    {
      "item": "minecraft:copper_ingot"
    }
  ],
  "results": [
    {
      "item": "techreborn:bronze_ingot",
      "count": 4
    }
  ],
  "heatRequirement": "heated"
}